-- xstana03 xvelec05
-- IDS, 3. projekt
-- Realitní kancelář


--smazani tabulek
DROP TABLE KLIENT CASCADE CONSTRAINT;
DROP TABLE ZAJEMCE CASCADE CONSTRAINT;
DROP TABLE NEMOVITOST CASCADE CONSTRAINT;
DROP TABLE NABIDKA CASCADE CONSTRAINT;
DROP TABLE PROHLIDKA CASCADE CONSTRAINT;
DROP TABLE SMLOUVA CASCADE CONSTRAINT;
DROP TABLE DOTAZ CASCADE CONSTRAINT;
DROP TABLE ODPOVED CASCADE CONSTRAINT;
DROP SEQUENCE nemov_seq;

--vytvoreni tabulek
CREATE TABLE ZAJEMCE(
  EMAIL CHAR(40),
  PRIMARY KEY(EMAIL),
  --kontrola tvaru emailu
  CONSTRAINT CHECK_EMAIL
  CHECK (REGEXP_LIKE(EMAIL, '[a-zA-Z0-9._%+-]+@[a-zA-Z0-9.-]+\.[a-zA-Z]{2,4}'))
);

CREATE TABLE KLIENT(
  KONTAKT CHAR(40),
  FOREIGN KEY (KONTAKT) REFERENCES ZAJEMCE(EMAIL),
  JMENO CHAR(40) NOT NULL,
  PRIJMENI CHAR(40) NOT NULL,
  RODNECISLO VARCHAR(10) NOT NULL,
  ULICE VARCHAR (80) NOT NULL,
  MESTO VARCHAR (40) NOT NULL,
  PSC NUMBER NOT NULL,
  TELEFON VARCHAR (15) NOT NULL, --(+420) not number 
  PRIMARY KEY (KONTAKT),
  --kontrola rodneho cisla splnujici podminky
  CONSTRAINT CHECK_RC CHECK(
    MOD((SUBSTR(RODNECISLO,1,1)+SUBSTR(RODNECISLO,3,1)+SUBSTR(RODNECISLO,5,1)+
    SUBSTR(RODNECISLO,7,1)+SUBSTR(RODNECISLO,9,1)-SUBSTR(RODNECISLO,2,1)-
    SUBSTR(RODNECISLO,4,1)-SUBSTR(RODNECISLO,6,1)-SUBSTR(RODNECISLO,8,1)-
    SUBSTR(RODNECISLO,10,1)),11)=0
  )
);

CREATE TABLE NEMOVITOST(
  IDENT NUMBER,
  KATEGORIE VARCHAR (40) DEFAULT 'dům' NOT NULL,
  VELIKOST VARCHAR (10), --pr. 3+kk
  ROZLOHA INTEGER,  --rozloha zastavene plochy
  POZEMEK INTEGER,  --rozloha pozemku
  CENA INTEGER,
  ULICE VARCHAR (80) NOT NULL,
  MESTO VARCHAR (40) NOT NULL,
  PSC NUMBER NOT NULL,
  STAV VARCHAR (40) DEFAULT 'na prodej' NOT NULL,
  MAJITEL REFERENCES KLIENT(KONTAKT) NOT NULL,
  CONSTRAINT CHECK_KATEGORIE CHECK (KATEGORIE IN ('dům','byt','pozemek','komerční prostor','garáže a jiné')),
  CONSTRAINT CHECK_STAV CHECK (STAV IN ('na prodej','zamluvene','prodane')),
  PRIMARY KEY(IDENT)
);

CREATE TABLE NABIDKA(
  IDENT NUMBER GENERATED BY DEFAULT ON NULL AS IDENTITY,
  CENA INTEGER NOT NULL,
  KDO REFERENCES KLIENT(KONTAKT),
  NACO REFERENCES NEMOVITOST(IDENT),
  PRIMARY KEY(IDENT)
);

CREATE TABLE PROHLIDKA(
  IDENT NUMBER GENERATED BY DEFAULT ON NULL AS IDENTITY,
  DATUMCAS TIMESTAMP NOT NULL,
  KDO REFERENCES ZAJEMCE(EMAIL),
  CEHO REFERENCES NEMOVITOST(IDENT),
  PRIMARY KEY(IDENT)
);

CREATE TABLE DOTAZ(
  IDENT NUMBER GENERATED BY DEFAULT ON NULL AS IDENTITY,
  KDO REFERENCES ZAJEMCE(EMAIL),
  NACO REFERENCES NEMOVITOST(IDENT),
  DATUM TIMESTAMP NOT NULL,
  OBSAH VARCHAR(500) NOT NULL,
  PRIMARY KEY(IDENT)
);

CREATE TABLE ODPOVED(
  OBSAH VARCHAR(500) NOT NULL,
  DATUM TIMESTAMP NOT NULL,
  IDENT
  REFERENCES DOTAZ(IDENT)
  ON DELETE CASCADE
);

CREATE TABLE SMLOUVA(
  IDENT NUMBER GENERATED BY DEFAULT ON NULL AS IDENTITY,
  DATUM TIMESTAMP NOT NULL,
  CENA INTEGER NOT NULL,
  PRODAVAJICI REFERENCES KLIENT(KONTAKT),
  KUPUJICI REFERENCES KLIENT(KONTAKT),
  NEMOV REFERENCES NEMOVITOST(IDENT),
  PRIMARY KEY(IDENT)
);  


--sekvence
CREATE SEQUENCE nemov_seq START WITH 1 INCREMENT BY 1 NOMAXVALUE;

--triggery
CREATE OR REPLACE TRIGGER nemov_trigger
BEFORE INSERT ON NEMOVITOST
FOR EACH ROW
BEGIN
  :new.IDENT := nemov_seq.nextval;
END;
/


CREATE OR REPLACE TRIGGER majitel_update
BEFORE INSERT ON SMLOUVA
FOR EACH ROW
BEGIN
  minuly_majitel(:new.NEMOV, :new.PRODAVAJICI);
  UPDATE NEMOVITOST
    SET NEMOVITOST.MAJITEL = :new.KUPUJICI, NEMOVITOST.STAV = 'prodane'
    WHERE :new.NEMOV = NEMOVITOST.IDENT;
END;
/

--procedury
CREATE OR REPLACE PROCEDURE minuly_majitel(nova_nemovitost IN NUMBER, stary_majitel IN CHAR) IS
  cursor majitel IS SELECT NEMOVITOST.MAJITEL FROM NEMOVITOST WHERE nova_nemovitost = NEMOVITOST.IDENT;
  radek majitel%ROWTYPE;
BEGIN
  OPEN majitel;
  FETCH majitel INTO radek;
  CLOSE majitel;
  IF stary_majitel <> radek.MAJITEL THEN 
    RAISE_APPLICATION_ERROR(-20100,'CHYBA: Prodavajici nevlastni nemovitost!');
  END IF;
END;
/


--explain plan + index
explain plan for 
SELECT KLIENT.KONTAKT, COUNT(KLIENT.KONTAKT) AS POCET FROM SMLOUVA 
  INNER JOIN KLIENT ON SMLOUVA.PRODAVAJICI = KLIENT.KONTAKT
  GROUP BY KLIENT.KONTAKT ORDER BY POCET DESC;
SELECT plan_table_output FROM TABLE(dbms_xplan.display());

CREATE INDEX SMLOUVA_PRODAVAJICI ON SMLOUVA (PRODAVAJICI);

explain plan for 
SELECT KLIENT.KONTAKT, COUNT(KLIENT.KONTAKT) AS POCET FROM SMLOUVA 
  INNER JOIN KLIENT ON SMLOUVA.PRODAVAJICI = KLIENT.KONTAKT
  GROUP BY KLIENT.KONTAKT ORDER BY POCET DESC;
SELECT plan_table_output FROM TABLE(dbms_xplan.display());

--grant
GRANT SELECT, INSERT, UPDATE ON KLIENT TO XSTANA03;
GRANT SELECT, INSERT, DELETE ON DOTAZ TO XSTANA03;
GRANT SELECT, INSERT ON NABIDKA TO XSTANA03;
GRANT SELECT, INSERT, UPDATE ON NEMOVITOST TO XSTANA03;
GRANT SELECT, INSERT, DELETE ON ODPOVED TO XSTANA03;
GRANT SELECT, INSERT, DELETE ON PROHLIDKA TO XSTANA03;

--uprava nastaveni

ALTER SESSION SET nls_timestamp_format='DD-MM-YYYY HH24:MI:SS';


--vlozeni vzorovych dat

INSERT INTO ZAJEMCE VALUES('Culibrk@seznam.cz');
INSERT INTO ZAJEMCE VALUES('dlouhy@seznam.cz');
INSERT INTO ZAJEMCE VALUES('Novotny@gmail.com');
INSERT INTO ZAJEMCE VALUES('shrek@fit.vutrb.cz');
INSERT INTO ZAJEMCE VALUES('chytry@gmail.com');
INSERT INTO ZAJEMCE VALUES('hloupy@gmail.com');
INSERT INTO ZAJEMCE VALUES('kratka@gmail.com');
INSERT INTO ZAJEMCE VALUES('smutna@gmail.com');
INSERT INTO ZAJEMCE VALUES('alfonzo@gmail.com');
INSERT INTO ZAJEMCE VALUES('zekon@volny.cz');
INSERT INTO ZAJEMCE VALUES('phreak@riotgames.com');

INSERT INTO KLIENT VALUES ('Culibrk@seznam.cz','Marek','Staňa','930321111','Volna 12','Vlčnov','68547','604599787');
INSERT INTO KLIENT VALUES ('dlouhy@seznam.cz','Petr','Dlouhý','9031111111','Dlouhá','Brno','68547','123456789');
INSERT INTO KLIENT VALUES ('Novotny@gmail.com','Jiří','Novotný','9505136245','Široká','Praha','25201','333101666');
INSERT INTO KLIENT VALUES ('shrek@fit.vutrb.cz','Shrek','The Ogre','9501010101','Božetěchova','Brno','68547','604599787');
INSERT INTO KLIENT VALUES ('chytry@gmail.com','Jiří','Chytrý','8711222223','Divná','Útěchov','93939','903666666');
INSERT INTO KLIENT VALUES ('hloupy@gmail.com','Petr','Hloupy','8001107422','Komenského 169','Uherský Brod','68801','572632202');
INSERT INTO KLIENT VALUES ('kratka@gmail.com','Krátka', 'Aneta','4261789015','Reissigova','Brno','68547','754245687');
INSERT INTO KLIENT VALUES ('alfonzo@gmail.com','Lukáš','Velecký','9311225000','Drslavice 106','Drslavice','68733','734678678');

INSERT INTO NEMOVITOST VALUES (null,'byt','3+1',55,55,1000000,'Boženy Němcové 25','Praha 4','12105','zamluvene','dlouhy@seznam.cz');
INSERT INTO NEMOVITOST VALUES (null,'byt','9+2',460,1000,10000000,'Kapitánka 5','Slavkov','58512','na prodej','hloupy@gmail.com');
--INSERT INTO NEMOVITOST VALUES (null,'byt','9+2',460,1000,10000000,'Kapitánka 5','Slavkov','58512','na prodej','alfonzo@gmail.com');
INSERT INTO NEMOVITOST VALUES (null,'dům','7+2',360,720,6500000,'Kapitánka 9','Slavkov','58512','na prodej','Culibrk@seznam.cz');
INSERT INTO NEMOVITOST VALUES (null,'pozemek','',0,2000,1000000,'Louky 2','Lopeník','68925','prodane','Novotny@gmail.com');
INSERT INTO NEMOVITOST VALUES (null,'komerční prostor','1+1',120,120,5000000,'Náměstí Svobody 1','Brno','68547','zamluvene','chytry@gmail.com');
INSERT INTO NEMOVITOST VALUES (null,'garáže a jiné','1',24,32,455000,'U rybníka','Uherský Brod','68801','na prodej','alfonzo@gmail.com');
INSERT INTO NEMOVITOST VALUES (null,'byt','1+kk',16,16,2000000,'Božetěchova','Brno','68547','na prodej','shrek@fit.vutrb.cz');

INSERT INTO SMLOUVA VALUES (null, '15-05-2012 00:00:00', 700000, 'chytry@gmail.com', 'Culibrk@seznam.cz', 5);
INSERT INTO SMLOUVA VALUES (null, '10-05-2013 00:00:00', 500000, 'Culibrk@seznam.cz', 'alfonzo@gmail.com', 3);
INSERT INTO SMLOUVA VALUES (null, '20-06-2013 00:00:00', 5000000, 'hloupy@gmail.com', 'chytry@gmail.com', 2);
INSERT INTO SMLOUVA VALUES (null, '20-06-2013 00:00:00', 4000000, 'alfonzo@gmail.com', 'chytry@gmail.com', 3);
INSERT INTO SMLOUVA VALUES (null, '01-10-2013 00:00:00', 1000000, 'Novotny@gmail.com', 'hloupy@gmail.com', 4);
INSERT INTO SMLOUVA VALUES (null, '07-02-2014 00:00:00', 850000, 'alfonzo@gmail.com', 'Culibrk@seznam.cz', 6);

INSERT INTO NABIDKA VALUES (null, 8000000, 'Culibrk@seznam.cz', 2);
INSERT INTO NABIDKA VALUES (null, 5000000, 'Culibrk@seznam.cz', 3);
INSERT INTO NABIDKA VALUES (null, 8500000, 'alfonzo@gmail.com', 2);
INSERT INTO NABIDKA VALUES (null, 5500000, 'alfonzo@gmail.com', 3);
INSERT INTO NABIDKA VALUES (null, 9000000, 'Culibrk@seznam.cz', 2);

INSERT INTO PROHLIDKA VALUES (null, '30-03-2015 14:00:00', 'smutna@gmail.com', 2);
INSERT INTO PROHLIDKA VALUES (null, '30-03-2015 15:00:00', 'smutna@gmail.com', 3);
INSERT INTO PROHLIDKA VALUES (null, '14-04-2015 15:25:00', 'alfonzo@gmail.com', 2);
INSERT INTO PROHLIDKA VALUES (null, '05-04-2015 08:30:00', 'hloupy@gmail.com', 6);
INSERT INTO PROHLIDKA VALUES (null, '01-04-2015 10:15:00', 'shrek@fit.vutrb.cz', 6);

INSERT INTO DOTAZ VALUES (null, 'smutna@gmail.com', 2, '25.2.2015 16:25', 'Nějaký užitečný text');
INSERT INTO DOTAZ VALUES (null, 'smutna@gmail.com', 3, '25.2.2015 16:28', 'Další zajímavý text');
INSERT INTO DOTAZ VALUES (null, 'kratka@gmail.com', 5, '16.1.2015 10:59', 'Nějaký zajímavá otázka');
INSERT INTO DOTAZ VALUES (null, 'kratka@gmail.com', 6, '31.12.2014 10:59', 'Tahle zpráva je naprostá ztráta času');

INSERT INTO ODPOVED VALUES ('Ano, je.', '1.1.2015 01:11', 4);
INSERT INTO ODPOVED VALUES ('Další ztracený čas', '1.1.2015 02:14', 4);
INSERT INTO ODPOVED VALUES ('Nějaká zajimává odpověď.', '16.2.2015 13:46:57', 3);

--klient vlastni nemovitosti v danem meste, vypisuje email majitele a adresu nemovitosti
SELECT KLIENT.KONTAKT, NEMOVITOST.ulice FROM NEMOVITOST JOIN KLIENT ON KLIENT.KONTAKT=NEMOVITOST.MAJITEL WHERE NEMOVITOST.MESTO = 'Slavkov';

--nabidky na urcitou nemovitost (podle ident)
SELECT NABIDKA.CENA, NABIDKA.KDO, NEMOVITOST.ULICE, NEMOVITOST.MESTO FROM NABIDKA JOIN NEMOVITOST ON NABIDKA.NACO=NEMOVITOST.IDENT WHERE NABIDKA.NACO=2;

--smlouvy v danem casovem rozpeti, a zobrazeni informaci o kupujici a nemovitosti
SELECT SMLOUVA.DATUM, KLIENT.JMENO, KLIENT.PRIJMENI, NEMOVITOST.ULICE, NEMOVITOST.MESTO, SMLOUVA.CENA
  FROM SMLOUVA JOIN KLIENT ON SMLOUVA.KUPUJICI = KLIENT.KONTAKT RIGHT JOIN NEMOVITOST ON SMLOUVA.KUPUJICI = NEMOVITOST.MAJITEL 
  WHERE SMLOUVA.DATUM BETWEEN '01-01-2013 00:00:00' AND '31-12-2013 23:59:59' AND SMLOUVA.NEMOV = NEMOVITOST.IDENT;

--klient a pocet smluv, ve kterych figuruje
SELECT KLIENT.KONTAKT, COUNT(KLIENT.KONTAKT) AS POCET FROM SMLOUVA 
  INNER JOIN KLIENT ON SMLOUVA.PRODAVAJICI = KLIENT.KONTAKT OR SMLOUVA.KUPUJICI = KLIENT.KONTAKT 
  GROUP BY KLIENT.KONTAKT ORDER BY POCET DESC;

--prumerna nabidka na nemovitost
SELECT 
  (SELECT NEMOVITOST.ULICE FROM NEMOVITOST WHERE NABIDKA.NACO = NEMOVITOST.IDENT) AS ULICE, 
  (SELECT NEMOVITOST.MESTO FROM NEMOVITOST WHERE NABIDKA.NACO = NEMOVITOST.IDENT) AS MESTO, 
  AVG(NABIDKA.CENA) AS PRUMER 
  FROM NABIDKA INNER JOIN NEMOVITOST ON NABIDKA.NACO = NEMOVITOST.IDENT GROUP BY NABIDKA.NACO ORDER BY PRUMER DESC;

--zajemci bez klientskeho uctu
SELECT * FROM ZAJEMCE WHERE NOT EXISTS (SELECT * FROM KLIENT WHERE KLIENT.KONTAKT = ZAJEMCE.EMAIL) ORDER BY ZAJEMCE.EMAIL ASC;

--vypis nemovitosti, ktere vlastni klienti bydlici v Brne
SELECT NEMOVITOST.ULICE, NEMOVITOST.MESTO FROM NEMOVITOST WHERE NEMOVITOST.MAJITEL IN (SELECT KLIENT.KONTAKT FROM KLIENT WHERE KLIENT.MESTO = 'Brno');


--procedura kontroluje, jestli je upravujici majitelem nemovitosti a meni cenu teto nemovitosti
CREATE OR REPLACE PROCEDURE upravit_cenu_nemovitosti(upravovana_nem in NUMBER, majitel in CHAR, nova_cena in INTEGER) IS
  cursor nem_cursor IS SELECT NEMOVITOST.MAJITEL FROM NEMOVITOST WHERE upravovana_nem = NEMOVITOST.IDENT;
  radek nem_cursor%ROWTYPE;
BEGIN
  OPEN nem_cursor;
  FETCH nem_cursor INTO radek;
  CLOSE nem_cursor;
  IF radek.majitel <> majitel THEN
    RAISE_APPLICATION_ERROR(-20100,'CHYBA: Upravující nevlastní nemovitost!');
  ELSE
    UPDATE NEMOVITOST SET NEMOVITOST.CENA = nova_cena WHERE NEMOVITOST.ident = upravovana_nem;
  END IF;
END;
/

--CALL upravit_cenu_nemovitosti(1, 'hloupy@gmail.com', 200000);
--CALL upravit_cenu_nemovitosti(1, 'dlouhy@seznam.cz', 20000);

SELECT * FROM XSTANA03.moje_nemovitosti;
SELECT * FROM XSTANA03.muj_ucet;

--DROP MATERIALIZED VIEW xstana03.moje_nemovitosti;
--DROP MATERIALIZED VIEW xstana03.muj_ucet;

--DEFINE muj_email = "'Culibrk@seznam.cz'";

--CREATE MATERIALIZED VIEW moje_nemovitosti FOR UPDATE
--AS SELECT * FROM XVELEC05.NEMOVITOST N WHERE N.MAJITEL = &muj_email;

--CREATE MATERIALIZED VIEW muj_ucet FOR UPDATE
--AS SELECT * FROM XVELEC05.KLIENT K WHERE K.KONTAKT = &muj_email;

COMMIT;